Unit: $/MW,2020,2021,2022,2023,2024,2025,2026,2027,2028,2029,2030,2031,2032,2033,2034,2035,2036,2037,2038,2039,2040,2041,2042,2043,2044,2045,2046,2047,2048,2049,2050
Hard Coal (NOT USED),99999,99999,99999,99999,99999,99999,99999,99999,99999,99999,99999,99999,99999,99999,99999,99999,99999,99999,99999,99999,99999,99999,99999,99999,99999,99999,99999,99999,99999,99999,99999
Natural Gas Steam Turbine (NOT USED),99999,99999,99999,99999,99999,99999,99999,99999,99999,99999,99999,99999,99999,99999,99999,99999,99999,99999,99999,99999,99999,99999,99999,99999,99999,99999,99999,99999,99999,99999,99999
Natural Gas Combined Cycle (NOT USED),99999,99999,99999,99999,99999,99999,99999,99999,99999,99999,99999,99999,99999,99999,99999,99999,99999,99999,99999,99999,99999,99999,99999,99999,99999,99999,99999,99999,99999,99999,99999
Nuclear (NOT USED),99999,99999,99999,99999,99999,99999,99999,99999,99999,99999,99999,99999,99999,99999,99999,99999,99999,99999,99999,99999,99999,99999,99999,99999,99999,99999,99999,99999,99999,99999,99999
Hydro (NOT USED),99999,99999,99999,99999,99999,99999,99999,99999,99999,99999,99999,99999,99999,99999,99999,99999,99999,99999,99999,99999,99999,99999,99999,99999,99999,99999,99999,99999,99999,99999,99999
Onshore Wind (NOT USED),99999,99999,99999,99999,99999,99999,99999,99999,99999,99999,99999,99999,99999,99999,99999,99999,99999,99999,99999,99999,99999,99999,99999,99999,99999,99999,99999,99999,99999,99999,99999
Solar PV (NOT USED),99999,99999,99999,99999,99999,99999,99999,99999,99999,99999,99999,99999,99999,99999,99999,99999,99999,99999,99999,99999,99999,99999,99999,99999,99999,99999,99999,99999,99999,99999,99999
Solar Thermal (NOT USED),99999,99999,99999,99999,99999,99999,99999,99999,99999,99999,99999,99999,99999,99999,99999,99999,99999,99999,99999,99999,99999,99999,99999,99999,99999,99999,99999,99999,99999,99999,99999
Biomass (NOT USED),99999,99999,99999,99999,99999,99999,99999,99999,99999,99999,99999,99999,99999,99999,99999,99999,99999,99999,99999,99999,99999,99999,99999,99999,99999,99999,99999,99999,99999,99999,99999
Geothermal (NOT USED),99999,99999,99999,99999,99999,99999,99999,99999,99999,99999,99999,99999,99999,99999,99999,99999,99999,99999,99999,99999,99999,99999,99999,99999,99999,99999,99999,99999,99999,99999,99999
Petroleum (NOT USED),99999,99999,99999,99999,99999,99999,99999,99999,99999,99999,99999,99999,99999,99999,99999,99999,99999,99999,99999,99999,99999,99999,99999,99999,99999,99999,99999,99999,99999,99999,99999
Natural Gas Peaker (NOT USED),99999,99999,99999,99999,99999,99999,99999,99999,99999,99999,99999,99999,99999,99999,99999,99999,99999,99999,99999,99999,99999,99999,99999,99999,99999,99999,99999,99999,99999,99999,99999
Lignite (NOT USED),99999,99999,99999,99999,99999,99999,99999,99999,99999,99999,99999,99999,99999,99999,99999,99999,99999,99999,99999,99999,99999,99999,99999,99999,99999,99999,99999,99999,99999,99999,99999
Offshore Wind (NOT USED),99999,99999,99999,99999,99999,99999,99999,99999,99999,99999,99999,99999,99999,99999,99999,99999,99999,99999,99999,99999,99999,99999,99999,99999,99999,99999,99999,99999,99999,99999,99999
Crude Oil (NOT USED),99999,99999,99999,99999,99999,99999,99999,99999,99999,99999,99999,99999,99999,99999,99999,99999,99999,99999,99999,99999,99999,99999,99999,99999,99999,99999,99999,99999,99999,99999,99999
Heavy or Residual Fuel Oil (NOT USED),99999,99999,99999,99999,99999,99999,99999,99999,99999,99999,99999,99999,99999,99999,99999,99999,99999,99999,99999,99999,99999,99999,99999,99999,99999,99999,99999,99999,99999,99999,99999
Municipal Solid Waste (NOT USED),99999,99999,99999,99999,99999,99999,99999,99999,99999,99999,99999,99999,99999,99999,99999,99999,99999,99999,99999,99999,99999,99999,99999,99999,99999,99999,99999,99999,99999,99999,99999
hard coal w CCS,2208697.065,2208697.065,2208697.065,2164796.842,2120791.343,2076891.12,2032885.621,1988985.398,1944979.899,1901079.676,1857074.177,1813173.954,1769168.454,1725268.232,1681262.732,1637362.51,1619360.26,1601463.287,1583461.037,1565458.787,1547456.537,1529559.564,1511557.314,1493555.065,1475658.091,1457655.842,1439653.592,1421756.619,1403754.369,1385752.119,1367855.146
natural gas combined cycle w CCS,1072474.759,1072474.759,1072474.759,1050224.246,1027879.049,1005533.852,983283.3387,960938.1419,938687.6283,916342.4315,893997.2348,871746.7211,849401.5244,827151.0107,804805.814,782460.6173,773560.4118,764565.5233,755665.3178,746670.4293,737675.5408,728775.3354,719780.4468,710880.2414,701885.3529,692890.4644,683990.2589,674995.3704,666095.1649,657100.2764,648105.3879
biomass w CCS,2208697.065,2208697.065,2208697.065,2164796.842,2120791.343,2076891.12,2032885.621,1988985.398,1944979.899,1901079.676,1857074.177,1813173.954,1769168.454,1725268.232,1681262.732,1637362.51,1619360.26,1601463.287,1583461.037,1565458.787,1547456.537,1529559.564,1511557.314,1493555.065,1475658.091,1457655.842,1439653.592,1421756.619,1403754.369,1385752.119,1367855.146
lignite w CCS,2208697.065,2208697.065,2208697.065,2164796.842,2120791.343,2076891.12,2032885.621,1988985.398,1944979.899,1901079.676,1857074.177,1813173.954,1769168.454,1725268.232,1681262.732,1637362.51,1619360.26,1601463.287,1583461.037,1565458.787,1547456.537,1529559.564,1511557.314,1493555.065,1475658.091,1457655.842,1439653.592,1421756.619,1403754.369,1385752.119,1367855.146
small modular reactor (NOT USED),99999,99999,99999,99999,99999,99999,99999,99999,99999,99999,99999,99999,99999,99999,99999,99999,99999,99999,99999,99999,99999,99999,99999,99999,99999,99999,99999,99999,99999,99999,99999
hydrogen combustion turbine (NOT USED),99999,99999,99999,99999,99999,99999,99999,99999,99999,99999,99999,99999,99999,99999,99999,99999,99999,99999,99999,99999,99999,99999,99999,99999,99999,99999,99999,99999,99999,99999,99999
hydrogen combined cycle (NOT USED),99999,99999,99999,99999,99999,99999,99999,99999,99999,99999,99999,99999,99999,99999,99999,99999,99999,99999,99999,99999,99999,99999,99999,99999,99999,99999,99999,99999,99999,99999,99999
