Electricity Source,Max Potential Capacity (MW)
hard coal,9E+12
natural gas steam turbine,9E+12
natural gas combined cycle,9E+12
nuclear,9E+12
hydro,9.50E+04
onshore wind,6.06E+04
solar PV,1.98E+07
solar thermal,1.98E+07
biomass,5.04E+04
geothermal,2.85E+04
petroleum,153000
natural gas peaker,9E+12
lignite,0
offshore wind,9.42E+04
crude oil,153000
heavy or residual fuel oil,153000
municipal solid waste,32600
hard coal w CCS,9E+12
natural gas combined cycle w CCS,9E+12
biomass w CCS,50400
lignite w CCS,9E+12
small modular reactor,9E+12
hydrogen combustion turbine,9E+12
hydrogen combined cycle,9E+12
