Unit: BTU,2020,2021,2022,2023,2024,2025,2026,2027,2028,2029,2030,2031,2032,2033,2034,2035,2036,2037,2038,2039,2040,2041,2042,2043,2044,2045,2046,2047,2048,2049,2050,2051,2052,2053,2054,2055,2056,2057,2058,2059,2060,2061,2062,2063,2064,2065,2066,2067,2068,2069,2070
agriculture and forestry 01T03,0.0,0.0,0.0,0.0,0.0,0.0,0.0,0.0,0.0,0.0,0.0,0.0,0.0,0.0,0.0,0.0,0.0,0.0,0.0,0.0,0.0,0.0,0.0,0.0,0.0,0.0,0.0,0.0,0.0,0.0,0.0,0.0,0.0,0.0,0.0,0.0,0.0,0.0,0.0,0.0,0.0,0.0,0.0,0.0,0.0,0.0,0.0,0.0,0.0,0.0,0.0
coal mining 05,478040472511.4473,1048817521374.1263,1029509317663.7554,1123470599724.2668,1163141572362.4011,1215433864891.9165,1257034980575.4626,1294861642734.2427,1328939740700.891,1359311002468.777,1386031447965.0005,1403989350645.1392,1418252292990.0493,1428947864178.3628,1436212405801.4456,1440189663182.9512,1442181850179.2769,1441205140847.7495,1437410848165.3533,1430953223315.7974,1421988466121.8418,1413916221229.3271,1403635151239.1716,1391285675054.451,1377007824982.4805,1360940613421.1677,1347044766473.5134,1331575846274.4314,1314651488946.8787,1296387442415.4695,1276897198903.694,1260577756029.8533,1246945833359.9233,1235611614805.7034,1226257196162.7295,1218620733607.1892,1212484608114.6707,1207666466900.6238,1204012357738.924,1201391407113.9614,1199691651828.0522,1198816742566.733,1198683313792.1963,1199218867949.0999,1200360060351.1824,1202051298931.4465,1204243593420.8936,1206893603614.138,1209962847666.6362,1213417039885.7046,1217225533960.3955
oil and gas extraction 06,66064623.630143076,144945331.59976736,142276960.8561809,155262298.0652281,160744779.20874107,167971511.7206772,173720736.33295456,178948335.96604747,183657888.4948741,187855160.67839175,191547894.40376785,194029655.154102,196000776.78931534,197478891.98184943,198482842.9771555,199032495.20766428,199307813.07650846,199172833.01081565,198648466.28368858,197756030.22489783,196517111.46380877,195401536.83919048,193980705.21828935,192274022.32617614,190300840.4608483,188080370.9700384,186159981.48126584,184022195.1437448,181683269.1294834,179159199.66372895,176465671.23652145,174210343.67889762,172326428.21079472,170760052.71335468,169467283.2043631,168411933.17940137,167563927.94862935,166898066.57452682,166393073.04290724,166030860.78986955,165795956.63492036,165675045.2176169,165656605.51998046,165730618.46625525,165888329.89628798,166122057.05266672,166425029.53859597,166791257.78934023,167215423.65984046,167692788.90822655,168219118.2508449
other mining and quarrying 07T08,1151582978751.1714,2526565165257.036,2480052369747.6753,2706401851234.165,2801967853419.2305,2927322243507.697,3026924516955.7812,3117441909932.518,3198941162692.451,3271526533812.782,3335336142160.1094,3378073759413.6978,3411938069798.305,3437237987782.3135,3454303113205.6245,3463480524809.222,3467902689271.879,3465204186442.4155,3455749540214.1675,3439910132946.8994,3418061847846.8223,3398376089382.4985,3373397641178.165,3343464113707.2886,3308912076419.8423,3270075548132.9185,3236470680837.8174,3199099605262.64,3158244843091.56,3114184319659.207,3067190488238.7783,3027824451428.8364,2994923612046.275,2967550214175.0503,2944939495771.027,2926461555703.186,2911592881644.169,2899894799030.045,2890996954724.544,2884584514586.052,2880388135829.1514,2878176037000.0356,2877747670895.4604,2878928634730.43,2881566544198.3823,2885527664978.7393,2890694144278.918,2896961721307.158,2904237822723.1826,2912439969603.927,2921494438056.855
food beverage and tobacco 10T12,10648571776916.72,20522177023792.438,17211166778099.832,19406220896915.516,21119795429086.06,22719164613495.188,24375707140364.312,26048763175589.484,27734788961589.92,29430187551561.0,31131312525485.145,32863632694605.723,34595486247647.387,36322830336987.87,38041597116706.16,39747704875067.28,41430563580657.195,43092550031769.5,44729664591125.66,46337936148564.36,47913432244031.73,49434267871515.164,50914906755764.92,52351712791424.58,53741114669560.836,55079612789675.73,56343286380240.78,57549967164035.49,58696514553288.77,59779870149648.69,60797061720340.92,61840768806964.8,62906950023285.42,63992345569689.445,65094297002785.58,66210614678735.95,67339478779339.664,68479364396943.38,69628984120834.68,70787243533804.52,71953206354360.72,73126066870609.77,74305127946246.33,75489783327422.7,76679503300282.38,77873822981500.95,79072332694658.11,80274670011446.34,81480513131135.42,82689575342911.12,83901600369941.27
textiles apparel and leather 13T15,3171848114822.6064,5805098154115.2,4551125070020.157,5011710083936.97,5335080410686.062,5621771190530.077,5916292844430.765,6209215614010.2295,6500470223890.892,6789962046053.896,7077574738394.735,7369712629018.496,7659792408348.778,7947600401516.492,8232914909512.931,8515508666799.2295,8793770221424.287,9068860796895.814,9340557688779.625,9608639828792.373,9872889291391.14,10129404141454.283,10381760231452.555,10629773293572.078,10873264958921.586,11112063579765.676,11341878451307.627,11566827363634.607,11786775813112.604,12001596460901.139,12211169523497.467,12425731155025.957,12644521018261.713,12866925821909.963,13092445412470.77,13320667835326.557,13551250714014.98,13783907155874.162,14018394950377.734,14254508196357.52,14492070743941.027,14730931008322.713,14970957831861.676,15212037155336.668,15454069319585.473,15696966862516.096,15940652708536.904,16185058671209.855,16430124207676.504,16675795376815.514,16922023963285.771
wood products 16,15662630601.09124,28436807723.248615,22362324775.72476,24358067724.626915,25650934633.36108,26741594576.551025,27845962809.577587,28919729854.024834,29963571921.098564,30978030556.39422,31963535207.89248,32949658893.138885,33907317258.157505,34836493195.32833,35737140674.826744,36609196057.62325,37446707684.48969,38255646682.624535,39035980738.26541,39787687381.63975,40510759113.64407,41190208700.68821,41841718827.24816,42465397704.719406,43061372104.019356,43629789283.434235,44154753683.68694,44653360475.82217,45125853153.77339,45572491175.474686,45993550426.131805,46456963723.10264,46956275636.28549,47486279187.84081,48042727964.65872,48622124381.520935,49221561587.038666,49838603799.47577,50471194598.243484,51117585837.18648,51776281965.18183,52445995993.92724,53125614366.23237,53814168694.24613,54510812849.787544,55214804260.475494,55925488537.60512,56642286763.33367,57364684915.49023,58092225022.10475,58824497724.336395
pulp paper and printing 17T18,37692402982.410736,68561297657.31501,54006960515.80955,58916122432.24225,62130681209.78876,64856711089.90392,67615725173.45726,70299261421.71388,72907876862.33463,75441856215.3146,77901264713.93736,80357294981.15656,82738216086.37592,85043134947.05006,87271137849.43538,89421318537.87051,91478437921.85634,93456433991.92656,95354635885.6066,97172448795.4977,98909366668.86494,100528376342.69936,102067405283.85036,103526394386.60678,104905379915.55467,106204497547.10799,107384915410.09462,108488159982.48811,109514749003.95801,110465282933.096,111340444765.71988,112327358382.33516,113408991034.17139,114571604032.40163,115803993152.5933,117096929963.89374,118442744695.48048,119835010500.85391,121268301483.56355,122738005133.86363,124240175417.76962,125771416597.41664,127328790535.52371,128909742126.2747,130512038847.82385,132133721411.85045,133773063203.97717,135428536740.8291,137098785767.2261,138782601917.28528,140478905091.58658
refined petroleum and coke 19,0.0,0.0,0.0,0.0,0.0,0.0,0.0,0.0,0.0,0.0,0.0,0.0,0.0,0.0,0.0,0.0,0.0,0.0,0.0,0.0,0.0,0.0,0.0,0.0,0.0,0.0,0.0,0.0,0.0,0.0,0.0,0.0,0.0,0.0,0.0,0.0,0.0,0.0,0.0,0.0,0.0,0.0,0.0,0.0,0.0,0.0,0.0,0.0,0.0,0.0,0.0
chemicals 20,12075788637817.84,23604422163255.344,20273772651155.016,22865496909997.867,24929539431923.78,26904486861286.914,28998741711474.96,31170506388598.953,33421750965610.023,35754339931580.95,38170035133849.336,40706617103019.55,43331877624704.65,46047098332586.57,48853456588757.2,51752028846220.6,54735199177843.36,57812110001798.266,60983602886318.64,64250434035306.375,67613277956371.83,71046860334520.61,74577006810313.61,78204296727032.89,81929242410740.8,85752292374657.75,89641220565058.75,93628588722095.11,97714811351588.44,101900249398717.14,106185212726804.25,110355995879297.52,114430001730460.77,118421267513941.05,122341240924510.78,126199350928917.25,130003433963840.39,133760056532612.92,137474762437643.53,141152264419560.75,144796594260564.28,148411221488670.97,151999148087552.1,155562984686051.0,159105012319219.7,162627232851160.5,166131410415969.1,169619105689583.9,173091704398914.03,176550441167910.88,179996419566796.06
rubber and plastic products 22,903008142134.2413,1579713746123.3442,1189182190087.5393,1261450577838.9153,1293539285926.3933,1313003407923.3997,1331055197650.808,1345663713339.12,1357055640551.1406,1365441167155.4453,1371016113770.8604,1375183913526.0874,1376825976515.6091,1376098696210.8357,1373151274553.8484,1368126449807.9143,1360947379240.6848,1351976749971.8381,1341341165927.8354,1329162293186.638,1315557121393.0347,1300164730790.3682,1283613307646.1177,1266005664821.7021,1247440227255.7317,1228011168217.0608,1207369250829.2449,1186087144844.3809,1164244758750.4077,1141917983242.3745,1119178809888.3289,1099580689929.801,1082644876885.5005,1067985211773.1135,1055286772844.184,1044290172793.815,1034779834216.2809,1026575115091.3302,1019523507513.9077,1013495365773.82,1008379777069.4009,1004081295998.725,1000517339127.6592,997616089045.2883,995314795341.0325,993558387491.481,992298334835.6428,991491703769.4093,991100373470.2412,991090379900.737,991431364261.9618
glass and glass products 231,8861415857003.62,15872006526288.742,12275043874607.895,13258902524915.47,13844575434918.775,14309634898960.59,14771392782830.135,15206336735242.803,15615230431721.695,15998763419882.244,16357565354318.89,16707042195786.582,17032583169031.805,17334596279273.863,17613481737897.15,17869637774527.34,18100623074312.83,18309820859533.195,18497660596163.645,18664581070771.12,18811032125602.54,18930582482907.082,19031038516946.61,19112900869039.184,19176678370385.56,19222888059426.742,19245053046050.543,19251221075925.566,19241931087685.61,19217724222422.723,19179143310933.242,19171926283343.426,19191292785050.824,19233386961358.293,19295064271912.117,19373734696011.586,19467245661295.57,19573793430406.66,19691855189299.65,19820136406334.812,19957529600741.54,20103081736029.266,20255968204363.066,20415471898246.027,20580966245524.15,20751901358855.41,20927792652393.87,21108211427736.574,21292777042817.8,21481150361688.203,21673028247238.77
cement and other nonmetallic minerals 239,4999961507932.017,8736745368448.51,6496548848955.866,7008484824725.045,7183951441706.427,7509233508763.521,7768473705152.275,8004372964897.858,8217074804546.869,8406822949790.683,8573951527703.556,8686822332777.015,8776767965693.626,8844570628874.422,8891068076857.846,8917145127358.225,8930861626904.242,8926123970542.738,8903866657296.791,8865043156082.035,8810619695604.92,8761661880458.097,8698955631103.409,8623370670922.784,8535774746608.35,8437029656586.435,8351692199307.773,8256551739843.652,8152338058681.262,8039769453022.014,7919550431037.668,7818954873228.287,7734991851634.043,7665248870826.931,7607758483944.234,7560900190840.266,7523327189991.641,7493910935726.912,7471698647868.8955,7455880375859.782,7445763201396.098,7440750837439.871,7440327351003.972,7444044068916.387,7451508963319.301,7462377985797.39,7476347945170.031,7493150617393.874,7512547845869.45,7534327443159.249,7558299745246.582
iron and steel 241,6428502892322.045,11232925049813.428,8352680915517.176,9010882362807.324,9236481630517.951,9654425943175.37,9987460670211.219,10290489115628.803,10563697747591.227,10807401590819.172,11022031646917.398,11166918244349.064,11282342052428.467,11369309450063.756,11428898062495.4,11462245865877.566,11479713476106.979,11473468321860.73,11444711905518.719,11394670021484.602,11324584783465.121,11261532346528.662,11180816001575.855,11083553669957.121,10970860682715.283,10843844681422.346,10734067423055.27,10611696703541.459,10477670426525.607,10332911710212.701,10178325927118.969,10048965538024.338,9940985791791.16,9851285495523.654,9777335553347.541,9717052859329.555,9668706139176.848,9630844680163.361,9602243711007.484,9581862063760.71,9568809012042.717,9562318046161.92,9561725949228.654,9566455964894.412,9576004152719.268,9589928248444.629,9607838508602.18,9629390138964.426,9654276996130.537,9682226319304.424,9712994300894.037
other metals 242,0.0,0.0,0.0,0.0,0.0,0.0,0.0,0.0,0.0,0.0,0.0,0.0,0.0,0.0,0.0,0.0,0.0,0.0,0.0,0.0,0.0,0.0,0.0,0.0,0.0,0.0,0.0,0.0,0.0,0.0,0.0,0.0,0.0,0.0,0.0,0.0,0.0,0.0,0.0,0.0,0.0,0.0,0.0,0.0,0.0,0.0,0.0,0.0,0.0,0.0,0.0
metal products except machinery and vehicles 25,653100027734.8606,1294218567652.534,1129674824736.782,1279966306611.5706,1401978513847.6511,1520095560370.076,1646091425969.8958,1777691998143.4746,1915087667637.1682,2058465902193.2717,2208011314827.568,2366005054741.362,2530684008935.9985,2702215737302.866,2880764257331.7827,3066490121353.8467,3259038743399.0796,3459050571177.2827,3666678761073.894,3882073518762.6157,4105382213669.5425,4335170901156.945,4573109814223.952,4819345730808.802,5074023243477.899,5337284870178.604,5607231103160.42,5885996220767.99,6173725373951.317,6470562133125.371,6776648573699.114,7073360807537.255,7362127612799.668,7644101448128.545,7920222170700.69,8191263899868.555,8457870008066.311,8720579606041.095,8979847840665.896,9236061628537.357,9489551979479.967,9740603742178.451,9989463379868.996,10236345225507.035,10481436552356.404,10724901713710.959,10966885545201.191,11207516178517.623,11446907382012.775,11685160518468.129,11922366191137.293
computers and electronics 26,77801943.65608862,142617457.20533434,113393975.57905053,124259146.72293916,131629821.26484157,138024779.8701046,144545247.45566225,150959634.02501172,157267320.9663789,163467103.75145328,169557293.7086224,175691698.72800618,181713022.04926255,187617404.98178908,193400889.49036235,199059479.1529615,204557072.3167141,209922471.19191593,215152056.6638027,220242334.7805437,225189969.09247234,229908090.1469114,234480442.62545368,238904651.02083278,243178537.47527358,247300135.987662,251176318.7780891,254901106.3439548,258473458.79820523,261892533.39829996,265157688.62350693,268613421.64160657,272230685.36670977,275986050.2937165,279860409.1091853,283838023.95264876,287905815.0508558,292052822.2725371,296269792.47352076,300548859.6323742,304883294.31337696,309267305.5375911,313695882.7029566,318164668.4166116,322669855.4096996,327208102.37678367,331776464.8068632,336372337.7803591,340993408.3845861,345637615.9123648,350303118.3979092
appliances and electrical equipment 27,10959983630.038263,20090564873.770973,15973844067.250324,17504424053.798824,18542733233.81979,19443593011.028847,20362133276.72971,21265729877.189514,22154295668.37821,23027660968.023796,23885587892.439045,24749743406.209557,25597969066.53305,26429721298.482647,27244442532.424232,28041569791.163837,28816017423.805,29571842806.532913,30308536113.54234,31025605150.768845,31722579911.526123,32387223069.411358,33031331763.367706,33654571354.959034,34256635048.693604,34837245893.392365,35383284950.17875,35907996915.31565,36411235299.595375,36892881385.618126,37352844802.16193,37839654970.755516,38349220019.51495,38878239426.880196,39424021539.75558,39984349360.91715,40557380338.701355,41141570516.05973,41735616399.73887,42338409900.891014,42949003041.844124,43566580045.62283,44190435067.180435,44819954279.24925,45454601350.69989,46093905590.8121,46737452205.41984,47384874238.70318,48035845869.94485,48690076806.69335,49347307570.66336
other machinery 28,10196658342.004576,18330275060.7574,14237397580.12811,15416429738.988653,16137064779.04885,16720225251.62492,17302294010.98341,17855643845.503834,18380951073.71963,18878812287.196095,19349760161.739147,19811855967.58839,20247657275.32424,20657447826.9351,21041505834.531532,21400110851.3448,21730137220.170113,22035439123.416485,22316346253.40389,22573203743.41911,22806374437.769264,23007862468.778305,23186940845.951656,23344052078.614403,23479653891.940292,23594219405.448803,23679621678.682304,23745569980.27626,23792585715.535538,23821198870.97514,23831947448.310623,23877913664.667732,23953729791.887012,24055066197.22047,24178391963.151054,24320798826.96525,24479869724.60882,24653579289.218464,24840217594.96017,25038331048.007942,25246676088.791355,25464182578.955944,25689924589.138096,25923096899.134323,26162995948.377758,26409004283.558895,26660577776.614616,26917235053.94825,27178548703.096428,27444137917.6681,27713662313.37561
road vehicles 29,13739135636.402355,24639835782.928,19084353993.72462,20631801139.300526,21561767667.935078,22305318455.870453,23044987466.399803,23744049444.963135,24403590948.46857,25024586525.962772,25607920511.11378,26177632904.557312,26710774244.53319,27207888850.486134,27669510845.24192,28096173244.88854,28483942635.324657,28838045834.05794,29159071702.838394,29447625996.191513,29704334169.658165,29918948681.232895,30103708134.418304,30259327275.03976,30386536431.306973,30486081603.14187,30547610056.90016,30583808227.047997,30595467258.930897,30583384651.396706,30548363461.467007,30561607331.98146,30615759900.297325,30704887492.491898,30824151057.67708,30969564880.752304,31137816424.42304,31326129964.45666,31532162082.155575,31753920656.644894,31989701414.73931,32238037753.514984,32497660705.547047,32767466732.867638,33046491619.980587,33333889159.64054,33628913635.366062,33930905334.39976,34239278496.6247,34553511234.59973,34873137058.55827
nonroad vehicles 30,0.0,0.0,0.0,0.0,0.0,0.0,0.0,0.0,0.0,0.0,0.0,0.0,0.0,0.0,0.0,0.0,0.0,0.0,0.0,0.0,0.0,0.0,0.0,0.0,0.0,0.0,0.0,0.0,0.0,0.0,0.0,0.0,0.0,0.0,0.0,0.0,0.0,0.0,0.0,0.0,0.0,0.0,0.0,0.0,0.0,0.0,0.0,0.0,0.0,0.0,0.0
other manufacturing 31T33,464076888820.1166,832292631799.0857,644651284034.449,696930922714.1215,728353421451.1501,753479515961.4266,778475100117.634,802099552013.0812,824389528926.4353,845377905918.8221,865094511811.5594,884351437959.9021,902373364276.661,919178635830.6724,934785253963.7115,949211183368.4618,962323492157.0796,974298721916.3232,985156726629.3523,994917931864.6476,1003603429695.0907,1010866948800.2864,1017121945978.3737,1022392533873.1841,1026703352705.5116,1030079573328.4928,1032171353295.6556,1033407311385.8905,1033814148379.4053,1033418780975.5046,1032248314936.4238,1032707928723.8297,1034549172253.3612,1037571644612.4307,1041611914135.1593,1046535369288.4878,1052230134107.3046,1058602462680.2924,1065573209565.4357,1073075093876.2946,1081050556349.2405,1089450064676.2708,1098230761391.1104,1107355376158.622,1116791344050.58,1126510085689.966,1136486415624.1472,1146698053046.9514,1157125214791.3948,1167750274894.0847,1178557478364.7388
energy pipelines and gas processing 352T353,0.0,0.0,0.0,0.0,0.0,0.0,0.0,0.0,0.0,0.0,0.0,0.0,0.0,0.0,0.0,0.0,0.0,0.0,0.0,0.0,0.0,0.0,0.0,0.0,0.0,0.0,0.0,0.0,0.0,0.0,0.0,0.0,0.0,0.0,0.0,0.0,0.0,0.0,0.0,0.0,0.0,0.0,0.0,0.0,0.0,0.0,0.0,0.0,0.0,0.0,0.0
water and waste 36T39,634137678.0797124,1142171469.3837533,873885380.7971113,960663448.4868729,1015330441.2402706,1060685876.8659216,1096709973.561847,1129442891.8689547,1158909301.7186801,1185147397.6273487,1208207580.7080245,1223636119.0701952,1235852375.1640584,1244968461.1256564,1251103940.4143972,1254384670.6203284,1255945240.7263296,1254929018.0735166,1251468094.5534935,1245697022.9309964,1237751965.4399493,1230591915.9545984,1221517131.7520149,1210649877.8858218,1198112029.9955056,1184024529.0584726,1171832892.3129802,1158279103.9924824,1143465444.1317978,1127492521.9149845,1110458959.4144237,1096188257.9811358,1084259313.6580582,1074332462.1721892,1066130699.306004,1059425868.7705566,1054028349.3317597,1049779248.8148893,1046544421.7279068,1044209832.0961944,1042677921.3548435,1041864736.0169733,1041697635.9436744,1042113450.7575037,1043056985.3870932,1044479799.9665853,1046339207.0733566,1048597442.4390726,1051220975.103514,1054179930.4020998,1057447604.8271005
construction 41T43,0.0,0.0,0.0,0.0,0.0,0.0,0.0,0.0,0.0,0.0,0.0,0.0,0.0,0.0,0.0,0.0,0.0,0.0,0.0,0.0,0.0,0.0,0.0,0.0,0.0,0.0,0.0,0.0,0.0,0.0,0.0,0.0,0.0,0.0,0.0,0.0,0.0,0.0,0.0,0.0,0.0,0.0,0.0,0.0,0.0,0.0,0.0,0.0,0.0,0.0,0.0
